{
    "available_space": true,
    "id": "b",
    "size_max": 33.35686492919922,
    "size_mean": 9.922596671364524,
    "size_min": 2.4406661987304688,
    "total_size": 873.1885070800781
}