{
    "available_space": true,
    "id": "b",
    "size_max": 33.35686492919922,
    "size_mean": 9.856201161159559,
    "size_min": 2.4406661987304688,
    "total_size": 877.2019033432007
}