{
    "available_space": false,
    "id": "b",
    "size_max": 33.35686492919922,
    "size_mean": 9.653518731253488,
    "size_min": 1.9640140533447266,
    "total_size": 1013.6194667816162
}