{
    "available_space": true,
    "size_max": 33.35686492919922,
    "size_mean": 9.922596671364524,
    "size_min": 2.4406661987304688,
    "total_size": 873.1885070800781,
    "video_list": {
        "BASURA - C.R.O ft. DUKI (prod. Negro Dub)-O3VzFcCZjK0.mp4": {
            "size": 7.723427772521973
        },
        "BEE GEES - TRAGEDY - ESPA\u00d1OL INGLES-QJ3QIud3wPo.mp4": {
            "size": 13.410653114318848
        },
        "BETO  VEGA - EL CAMPE\u00d3N (V\u00cdDEO OFICIAL)-8dUffLvvYCY.mp4": {
            "size": 13.114177703857422
        },
        "BOB DYLAN - Mr Tambourine Man-PYF8Y47qZQY.mp4": {
            "size": 10.005716323852539
        },
        "BUNBURY - \u00c1nimas, que no amanezca  (videoclip)-ZAgg9IWTfYQ.mp4": {
            "size": 20.521997451782227
        },
        "Baboom _ Mama Said-ULWvPvQp74I.mp4": {
            "size": 4.905180931091309
        },
        "Baby Come Back \u2764 Andy Gibb & Bee Gees-zbQLBI5uDxQ.mp4": {
            "size": 8.023999214172363
        },
        "Ballad Of A Teenage Queen ~ Johnny Cash (1957)-AEjmO8yeKoA.mp4": {
            "size": 6.392082214355469
        },
        "Banda El Recodo - Parece Mentira (Video Oficial)-SYVCmlz-_Y8.mp4": {
            "size": 15.15550422668457
        },
        "Banda El Recodo - Te Presumo (Video Oficial)-mQWOAjSffHI.mp4": {
            "size": 16.592190742492676
        },
        "Banda El Recodo De Cruz Liz\u00e1rraga - Tus Palabras-4FuFs_wvm5o.mp4": {
            "size": 15.400294303894043
        },
        "Banda El Recodo De Cruz Liz\u00e1rraga - T\u00f3mame O D\u00e9jame (Video Oficial)-nqsDXQuyCpc.mp4": {
            "size": 13.532753944396973
        },
        "Banda el Recodo - Que Te Ruege Quien Te Quiera (Letras)-X3kA4Ow3CaA.mp4": {
            "size": 9.842338562011719
        },
        "Barbra Streisand - Guilty (Official Audio) ft. Barry Gibb-Phh9B1-4EYs.mp4": {
            "size": 5.854787826538086
        },
        "Beartooth - Go Be The Voice (Official Music Video)-bJ_LC27ZNlA.mp4": {
            "size": 10.923518180847168
        },
        "Bebu Silvetti y Armando Manzanero-Mi cama, mi almohada.(del cd INTIMOS)-1YG6ACAW5lI.mp4": {
            "size": 5.634570121765137
        },
        "Bee Gees - Emotion-UBgAj4cNee4.mp4": {
            "size": 7.775382995605469
        },
        "Bee Gees - Grease (Live in Las Vegas, 1997 - One Night Only)-dxM-Apu4BP8.mp4": {
            "size": 7.895229339599609
        },
        "Bee Gees - Night Fever (Official Music Video)-SkypZuY6ZvA.mp4": {
            "size": 11.046507835388184
        },
        "Bee Gees - Stayin' Alive (Official Music Video)-fNFzfwLM72c.mp4": {
            "size": 14.920438766479492
        },
        "Bee Gees - To Love Somebody (1967) HD 0815007-QHtGu0OGEpc.mp4": {
            "size": 9.998076438903809
        },
        "Benny Goodman. Stompin' at the Savoy -.wmv-5ky8I_H2RVM.mp4": {
            "size": 8.262371063232422
        },
        "Berga-DqirYBMyw84.mp4": {
            "size": 4.2588701248168945
        },
        "Bienvenido a mi miseria-rzNchOlKBzg.mp4": {
            "size": 3.6011571884155273
        },
        "Big Jim - Monkey Do-8h5AMJiSQUU.mp4": {
            "size": 6.854168891906738
        },
        "Bill Haley & His Comets-Rockin' Through The Rye-J1_UfhAN0aY.mp4": {
            "size": 5.683289527893066
        },
        "Bill Haley & The Comets - Rudy's Rock, 1956 Decca 45 record.-sq46ecByFA8.mp4": {
            "size": 4.226398468017578
        },
        "Bill Haley and His Comets - Joey's Song (1959)-9fmyJLclU1M.mp4": {
            "size": 5.230920791625977
        },
        "Billie Eilish - idontwannabeyouanymore (Vertical Video)--tn2S3kJlyU.mp4": {
            "size": 7.548427581787109
        },
        "Billie Holiday - I Can't Believe That You're In Love With Me (1938)-feLe1TeBD1Q.mp4": {
            "size": 7.865383148193359
        },
        "Billy Joel - An Innocent Man (Audio)-mQCWY5ynBaw.mp4": {
            "size": 9.29610538482666
        },
        "Billy Joel - Just the Way You Are (Official Audio)-HaA3YZ6QdJU.mp4": {
            "size": 6.7025909423828125
        },
        "Billy Joel - Pressure (Official Video)-Iyv905Q2omU.mp4": {
            "size": 14.978742599487305
        },
        "Billy Joel - She's Got A Way-KUn-XOQoN3U.mp4": {
            "size": 3.0377349853515625
        },
        "Billy Joel - Tell Her About It (Official Video)-p0pM5dm--yQ.mp4": {
            "size": 17.11013412475586
        },
        "Billy Joel - The Entertainer (Audio)-d_VHFyaSXQw.mp4": {
            "size": 7.0221147537231445
        },
        "Billy Joel - The River of Dreams (Official Music Video)-hSq4B_zHqPM.mp4": {
            "size": 21.01953411102295
        },
        "Billy Joel - The lion sleeps tonight + The longest time [ Frankfurt 3 - 9 - 2016 ]-Ws7DIMowHB8.mp4": {
            "size": 23.616908073425293
        },
        "Billy Joel - This Is the Time (Audio)-pOBwqlP-3ls.mp4": {
            "size": 7.640368461608887
        },
        "Billy Talent - Red Flag - Official Video-l2UktJtKpFw.mp4": {
            "size": 17.88864040374756
        },
        "Billy The Kid - Baby Comeback (Official Video)-juLxok9KcHI.mp4": {
            "size": 14.086015701293945
        },
        "Bireli Lagrene - Hips-u9glqzpTx5w.mp4": {
            "size": 8.926189422607422
        },
        "Bireli Lagrene - Rue de Pierre, Part Two-bgJQtwiIhKY.mp4": {
            "size": 4.445466041564941
        },
        "Black Eyed Peas & Anitta - eXplosion (Official Music Video)-_qHuuTKy41E.mp4": {
            "size": 16.253080368041992
        },
        "Blitz - New Age - (UKDK UK 1983).mp4": {
            "size": 9.231922149658203
        },
        "Bo Diddley 'Bo Diddley',1957. Track B5 - ' Who do you love'-8w9Eii9ZFsQ.mp4": {
            "size": 4.650407791137695
        },
        "Bo Diddley - I Am Looking For A Woman-0ArHBwTVvAo.mp4": {
            "size": 3.815763473510742
        },
        "Bo Diddley-Say Man (High Quality)-45ZdKCFFR3I.mp4": {
            "size": 5.0321455001831055
        },
        "Bob Dylan - All Along the Watchtower (Audio)-bT7Hj-ea0VE.mp4": {
            "size": 4.196104049682617
        },
        "Bob Dylan - Don't Think Twice, It's All Right (Audio)-1iHhWh9FtsQ.mp4": {
            "size": 6.170999526977539
        },
        "Bob Dylan - Forever Young (Slow Version) (Audio)-Frj2CLGldC4.mp4": {
            "size": 7.471639633178711
        },
        "Bob Dylan - Full Moon And Empty Arms (Audio)-6S7nTLeMdAk.mp4": {
            "size": 4.273337364196777
        },
        "Bob Dylan - Gotta Serve Somebody (Audio)-wC10VWDTzmU.mp4": {
            "size": 10.837594985961914
        },
        "Bob Dylan - If Not for You (Audio)-yyouhbgAiCA.mp4": {
            "size": 3.728954315185547
        },
        "Bob Dylan - Just Like a Woman (Audio)-dRLXZVojdhQ.mp4": {
            "size": 8.843772888183594
        },
        "Bob Dylan - Lay, Lady, Lay (Audio)-LhzEsb2tNbI.mp4": {
            "size": 4.572116851806641
        },
        "Bob Dylan - Like a Rolling Stone (Audio)-IwOfCgkyEj0.mp4": {
            "size": 9.211621284484863
        },
        "Bob Dylan - Oh, Sister (Audio)-Tc2NpNqDgPE.mp4": {
            "size": 7.034972190856934
        },
        "Bob Dylan - The Times They Are A-Changin' (Audio)-90WD_ats6eE.mp4": {
            "size": 6.50830078125
        },
        "Bob Dylan- Knockin' on Heaven's Door 'Original'-rnKbImRPhTE.mp4": {
            "size": 8.398099899291992
        },
        "Bob Marley & the Wailers - One Foundation-oNCCX68FJoM.mp4": {
            "size": 4.71558952331543
        },
        "Bob Marley - Get Up, Stand Up (Live at Munich, 1980)-RhJ0q7X3DLM.mp4": {
            "size": 33.35686492919922
        },
        "Bocafloja 'Autonomo' (2007) Video oficial.-neApD70mO_8.mp4": {
            "size": 18.431504249572754
        },